id,name,model_id:id,group_id:id,perm_read,perm_write,perm_create,perm_unlink
access_om_access_profile_manager,om.access.profile,model_om_access_profile,group_access_manager,1,1,1,1
access_om_access_profile_model_manager,om.access.profile.model,model_om_access_profile_model,group_access_manager,1,1,1,1
access_om_access_profile_menu_manager,om.access.profile.menu,model_om_access_profile_menu,group_access_manager,1,1,1,1
access_om_access_profile_field_manager,om.access.profile.field,model_om_access_profile_field,group_access_manager,1,1,1,1
access_om_access_profile_button_manager,om.access.profile.button,model_om_access_profile_button,group_access_manager,1,1,1,1
access_om_access_profile_element_manager,om.access.profile.element,model_om_access_profile_element,group_access_manager,1,1,1,1
access_om_access_load_models_manager,om.access.load.models,model_om_access_load_models,group_access_manager,1,1,1,1
access_om_access_scan_buttons_manager,om.access.scan.buttons,model_om_access_scan_buttons,group_access_manager,1,1,1,1
access_om_access_scan_buttons_line_manager,om.access.scan.buttons.line,model_om_access_scan_buttons_line,group_access_manager,1,1,1,1
access_om_access_copy_restrictions_manager,om.access.copy.restrictions,model_om_access_copy_restrictions,group_access_manager,1,1,1,1
access_om_access_test_user_manager,om.access.test.user,model_om_access_test_user,group_access_manager,1,1,1,1
access_om_access_app_wizard_manager,om.access.app.wizard,model_om_access_app_wizard,group_access_manager,1,1,1,1
access_om_access_app_wizard_menu_manager,om.access.app.wizard.menu,model_om_access_app_wizard_menu,group_access_manager,1,1,1,1
access_om_access_app_wizard_model_manager,om.access.app.wizard.model,model_om_access_app_wizard_model,group_access_manager,1,1,1,1
access_om_access_app_wizard_report_manager,om.access.app.wizard.report,model_om_access_app_wizard_report,group_access_manager,1,1,1,1
access_om_access_app_wizard_action_manager,om.access.app.wizard.action,model_om_access_app_wizard_action,group_access_manager,1,1,1,1
access_om_access_assign_manager,om.access.assign,model_om_access_assign,group_access_manager,1,1,1,1
access_om_access_template_wizard_manager,om.access.template.wizard,model_om_access_template_wizard,group_access_manager,1,1,1,1
access_om_access_allowed_manager,om.access.allowed,model_om_access_allowed,group_access_manager,1,1,1,1
access_om_access_import_manager,om.access.import,model_om_access_import,group_access_manager,1,1,1,1
access_om_access_login_slot_manager,om.access.login.slot,model_om_access_login_slot,group_access_manager,1,1,1,1
access_om_access_profile_assignment_manager,om.access.profile.assignment,model_om_access_profile_assignment,group_access_manager,1,1,1,1
access_om_access_copy_access_manager,om.access.copy.access,model_om_access_copy_access,group_access_manager,1,1,1,1
access_ir_actions_server_access_manager,ir.actions.server access manager,base.model_ir_actions_server,group_access_manager,1,0,0,0
access_ir_actions_act_window_access_manager,ir.actions.act_window access manager,base.model_ir_actions_act_window,group_access_manager,1,0,0,0
access_ir_actions_report_access_manager,ir.actions.report access manager,base.model_ir_actions_report,group_access_manager,1,0,0,0
